location,dairy,drinks,entrance,fruit,spices
checkout,0.10267806908968155,0.2155048324079786,0.0,0.20105445388731508,0.1498884995221408
dairy,0.737031619219084,0.011001439440674481,0.28758258055817715,0.09592382751022978,0.19353297228416694
drinks,0.05862495780353325,0.5984988690108987,0.15329648105703114,0.05524079320113314,0.163109270468302
fruit,0.05007314054236525,0.08801151552539585,0.3776459484966968,0.5971041863393138,0.09127110544759477
spices,0.05159221334533588,0.08698334361505243,0.1814749898880949,0.05067673906200818,0.4021981522777955
